[
  {
    "id": "dcc4bea7-a74d-4498-a6b3-7df7747f71c4",
    "data": [
      {
        "text": "fungi agli olio",
        "meta": "@sys.any",
        "alias": "any",
        "userDefined": true
      }
    ],
    "isTemplate": false,
    "count": 0,
    "lang": "en",
    "updated": 0
  },
  {
    "id": "3ad888b0-37b7-4a9b-8edf-0c621ecfed50",
    "data": [
      {
        "text": "pasta",
        "meta": "@sys.any",
        "alias": "any",
        "userDefined": true
      }
    ],
    "isTemplate": false,
    "count": 0,
    "lang": "en",
    "updated": 0
  },
  {
    "id": "61d81483-ca75-4a5c-901d-d6f757e182f6",
    "data": [
      {
        "text": "american chopsee",
        "meta": "@sys.any",
        "alias": "any",
        "userDefined": true
      }
    ],
    "isTemplate": false,
    "count": 0,
    "lang": "en",
    "updated": 0
  },
  {
    "id": "ffb2eb1d-d349-4b9d-b81b-289ef73e8b49",
    "data": [
      {
        "text": "paneer chilli",
        "meta": "@sys.any",
        "alias": "any",
        "userDefined": true
      }
    ],
    "isTemplate": false,
    "count": 0,
    "lang": "en",
    "updated": 0
  }
]